Country Name,Country Code,Series Name,Series Code,1960 [YR1960],1961 [YR1961],1962 [YR1962],1963 [YR1963],1964 [YR1964],1965 [YR1965],1966 [YR1966],1967 [YR1967],1968 [YR1968],1969 [YR1969],1970 [YR1970],1971 [YR1971],1972 [YR1972],1973 [YR1973],1974 [YR1974],1975 [YR1975],1976 [YR1976],1977 [YR1977],1978 [YR1978],1979 [YR1979],1980 [YR1980],1981 [YR1981],1982 [YR1982],1983 [YR1983],1984 [YR1984],1985 [YR1985],1986 [YR1986],1987 [YR1987],1988 [YR1988],1989 [YR1989],1990 [YR1990],1991 [YR1991],1992 [YR1992],1993 [YR1993],1994 [YR1994],1995 [YR1995],1996 [YR1996],1997 [YR1997],1998 [YR1998],1999 [YR1999],2000 [YR2000],2001 [YR2001],2002 [YR2002],2003 [YR2003],2004 [YR2004],2005 [YR2005],2006 [YR2006],2007 [YR2007],2008 [YR2008],2009 [YR2009],2010 [YR2010],2011 [YR2011],2012 [YR2012],2013 [YR2013],2014 [YR2014],2015 [YR2015],2016 [YR2016],2017 [YR2017],2018 [YR2018],2019 [YR2019],2020 [YR2020],2021 [YR2021],2022 [YR2022],2023 [YR2023]
Nigeria,NGA,"Population, total",SP.POP.TOTL,45053782,45989310,46965292,47973575,49012016,50086764,51188234,52293065,53432783,54631914,55893838,57214684,58601748,60082139,61679144,63410815,65258009,67234590,69326532,71498242,73764641,76068103,78378701,80438260,82526443,84897973,87235953,89591716,92020090,94531014,97120925,99720162,102372770,105122069,107935714,110819428,113754779,116754792,119846254,123047320,126382494,129862595,133471989,137202644,141057045,145017253,149077334,153267261,157595014,162049464,166642886,171379598,176200625,181049443,185896915,190671878,195443700,200254579,204938755,209485641,213996181,218529286,223150896,227882945
Nigeria,NGA,Population growth (annual %),SP.POP.GROW,..,2.05520464816869,2.09998826453802,2.12414776592407,2.14151540554873,2.16912890314877,2.17529193795192,2.13540609474411,2.15607095595453,2.21937460327587,2.28359240382951,2.3356437200389,2.39539467623687,2.49480838624679,2.62332417262733,2.768857941331,2.87143514738127,2.98390652773332,3.06398428248064,3.08451719174793,3.12066355658369,3.07495335898149,2.99231883880151,2.59377141123926,2.56288295556477,2.83314546882475,2.71663331013825,2.66463093630457,2.67440624256127,2.69210483580786,2.70288804324942,2.64110316371064,2.62528760714312,2.65014775362862,2.64135723468862,2.63662927453146,2.61429682326517,2.60308705392213,2.61337639810203,2.63592921799734,2.67439784501828,2.7163954653619,2.74147056608815,2.75673506428828,2.77053967849452,2.76883385211034,2.76124698861505,2.77180099910734,2.78453384410814,2.78730820935027,2.795149361277,2.80278519998649,2.77422930277333,2.71468991073627,2.64221399374699,2.53617348598208,2.47183239057048,2.43170936923065,2.31217263003389,2.1944019229433,2.13029714344341,2.09618685225463,2.09281687128387,2.09838916935738
Nigeria,NGA,Surface area (sq. km),AG.SRF.TOTL.K2,..,923770,923770,923770,923770,923770,923770,923770,923770,923770,923770,923770,923770,923770,923770,923770,923770,923770,923770,923770,923770,923770,923770,923770,923770,923770,923770,923770,923770,923770,923770,923770,923770,923770,923770,923770,923770,923770,923770,923770,923770,923770,923770,923770,923770,923770,923770,923770,923770,923770,923770,923770,923770,923770,923770,923770,923770,923770,923770,923770,923770,923770,923770,..
Nigeria,NGA,Population density (people per sq. km of land area),EN.POP.DNST,..,50.4949767778912,51.566577730931,52.6736442790167,53.8138234680545,54.9938667281531,56.2032499972551,57.4163235504024,58.6677020543057,59.9843143713561,61.3698716470679,62.8201236316523,64.3430811291545,65.9685090637592,67.7219759104933,69.6233022607244,71.6514696355831,73.8217003195099,76.1185941565928,78.5030710278116,80.9915137740593,83.5206506582342,86.0576226709268,88.318960879256,90.6117274394194,93.2156010847964,95.7826377680424,98.3691996881759,101.035486456515,103.792410817221,106.636060695895,109.489950261866,112.402439693885,115.421093140969,118.5103966973,121.676634056897,124.899567399014,128.193497809546,131.587836665678,135.102517649901,138.764445469218,142.585499083193,146.548512796864,150.64466769876,154.876692249415,159.224889928302,163.682745369303,168.28316808854,173.034919902939,177.925781481603,182.969230431393,188.170007795602,193.463360672837,198.787227291193,204.109616039176,209.352391932101,214.591719094832,219.873929751749,225.017024056568,230.009377779242,234.961824609945,239.939047179859,245.013445765671,..
Nigeria,NGA,Poverty headcount ratio at national poverty lines (% of population),SI.POV.NAHC,..,..,..,..,..,..,..,..,..,..,..,..,..,..,..,..,..,..,..,..,..,..,..,..,..,..,..,..,..,..,..,..,..,..,..,..,..,..,..,..,..,..,..,..,..,..,..,..,..,..,..,..,..,..,..,..,..,..,40.1,..,..,..,..,..
Nigeria,NGA,Poverty headcount ratio at $2.15 a day (2017 PPP) (% of population),SI.POV.DDAY,..,..,..,..,..,..,..,..,..,..,..,..,..,..,..,..,..,..,..,..,..,..,..,..,..,47.8,..,..,..,..,..,..,52.4,..,..,..,58.4,..,..,..,..,..,..,47.9,..,..,..,..,..,..,34.9,..,33.8,..,..,32.3,..,..,30.9,..,..,..,..,..
Nigeria,NGA,"GNI, Atlas method (current US$)",NY.GNP.ATLS.CD,..,..,..,..,..,..,..,..,..,..,..,..,..,..,..,..,..,..,..,..,..,..,..,..,..,..,..,..,..,..,..,..,..,..,..,..,..,..,..,..,..,..,..,..,..,..,..,..,297835762687.595,317527310881.617,342339308222.415,359940129972.71,416376921798.702,471589543788.297,533512166618.064,525527997171.075,463851771590.264,403827850925.038,400473681117.695,429268510688.544,440485380996.946,461011629728.967,472999373332.05,429500770756.848
Nigeria,NGA,"GNI per capita, Atlas method (current US$)",NY.GNP.PCAP.CD,..,..,..,..,..,..,..,..,..,..,..,..,..,..,..,..,..,..,..,..,..,..,..,..,..,..,..,..,..,..,..,..,..,..,..,..,..,..,..,..,..,..,..,..,..,..,..,..,1890,1960,2050,2100,2360,2600,2870,2760,2370,2020,1950,2050,2060,2110,2120,1880
Nigeria,NGA,"GNI, PPP (current international $)",NY.GNP.MKTP.PP.CD,..,..,..,..,..,..,..,..,..,..,..,..,..,..,..,..,..,..,..,..,..,..,..,..,..,..,..,..,..,..,..,..,..,..,..,..,..,..,..,..,..,..,..,..,..,..,..,..,596971644308.629,645418060172.643,705686028138.378,757020089798.698,794626725097.999,855954005847.969,943774921301.309,963979037607.998,966395103971.023,978425665305.604,1013944481505.9,1101660228737.95,1133036228883.97,1176731655094.57,1291670211718.4,1372031892304.3
Nigeria,NGA,"GNI per capita, PPP (current international $)",NY.GNP.PCAP.PP.CD,..,..,..,..,..,..,..,..,..,..,..,..,..,..,..,..,..,..,..,..,..,..,..,..,..,..,..,..,..,..,..,..,..,..,..,..,..,..,..,..,..,..,..,..,..,..,..,..,3790,3980,4230,4420,4510,4730,5080,5060,4940,4890,4950,5260,5290,5380,5790,6020
Nigeria,NGA,Income share held by lowest 20%,SI.DST.FRST.20,..,..,..,..,..,..,..,..,..,..,..,..,..,..,..,..,..,..,..,..,..,..,..,..,..,6,..,..,..,..,..,..,4.1,..,..,..,3.7,..,..,..,..,..,..,5.7,..,..,..,..,..,..,7.1,..,7.1,..,..,7,..,..,7.1,..,..,..,..,..
Nigeria,NGA,"Life expectancy at birth, total (years)",SP.DYN.LE00.IN,37.371,37.673,37.809,38.192,38.415,38.68,38.797,37.573,38.482,38.718,39.713,40.48,41.273,42.011,42.791,43.662,44.721,45.558,46.019,46.215,46.349,46.493,46.513,46.638,46.55,46.317,45.975,46.018,46.072,46.182,46.037,45.691,45.668,45.788,45.513,45.487,45.567,45.792,46.036,46.614,47.193,47.619,47.928,48.441,48.767,49.297,49.73,50.033,50.225,50.712,50.945,51.357,51.497,51.707,51.791,51.841,52.043,52.305,52.554,52.91,52.887,52.676,53.633,..
Nigeria,NGA,"Fertility rate, total (births per woman)",SP.DYN.TFRT.IN,6.364,6.353,6.356,6.349,6.362,6.367,6.386,6.401,6.42,6.438,6.466,6.532,6.579,6.633,6.703,6.773,6.806,6.862,6.921,6.887,6.847,6.82,6.799,6.775,6.701,6.616,6.557,6.504,6.498,6.494,6.459,6.426,6.391,6.354,6.319,6.273,6.217,6.138,6.069,6.082,6.124,6.139,6.135,6.116,6.085,6.068,6.081,6.08,6.078,6.039,5.98,5.918,5.832,5.738,5.664,5.616,5.584,5.523,5.447,5.379,5.309,5.237,5.143,..
Nigeria,NGA,"Adolescent fertility rate (births per 1,000 women ages 15-19)",SP.ADO.TFRT,146.675,153.12,160.281,163.075,164.59,164.087,161.976,159.953,158.309,163.157,165.121,167.912,172.666,177.735,187.29,190.158,185.764,181.908,176.38,173.773,169.892,162.808,158.252,162.141,156.198,155.818,149.585,147.819,143.339,146.04,142.988,138.879,137.712,134.626,131.774,135.975,131.962,129.492,129.036,130.643,133.779,133.638,133.608,135.632,130.462,132.53,130.171,127.22,127.468,127.793,125.365,127.751,127.604,127.747,123.591,114.881,106.944,100.798,96.601,92.622,89.081,88.457,87.26,..
Nigeria,NGA,"Contraceptive prevalence, any method (% of married women ages 15-49)",SP.DYN.CONU.ZS,..,..,..,..,..,..,..,..,..,..,..,..,..,..,..,..,..,..,..,..,..,..,6.8,..,..,..,..,..,..,..,6,..,..,..,..,..,..,..,..,15.2,..,..,..,12.6,..,..,..,14.7,14.6,..,..,17.5,13.5,15.1,..,..,22.1,13.4,16.6,..,..,..,..,..
Nigeria,NGA,Births attended by skilled health staff (% of total),SH.STA.BRTC.ZS,..,..,..,..,..,..,..,..,..,..,..,..,..,..,..,..,..,..,..,..,..,..,..,..,..,..,..,..,..,..,32,..,..,..,..,..,..,..,..,41.6,..,..,..,35.2,..,..,..,..,34.4,..,..,47.3,..,35.2,..,..,..,43,43.3,..,..,..,50.7,..
Nigeria,NGA,"Mortality rate, under-5 (per 1,000 live births)",SH.DYN.MORT,..,..,..,..,325.2,318.5,311.9,305.3,298.4,291.4,284,276.2,268,259.7,251.4,243.4,235.7,228.7,222.5,217.3,213.1,209.9,207.9,207,207,207.5,208.4,209.2,209.7,209.9,209.6,209.1,208.3,207.2,205.9,203.8,201.1,197.5,193,187.9,182.5,177,171.3,165.6,160,154.6,149.7,145.2,141.3,138,135.3,132.9,130.9,129.1,127.7,126.2,124.5,122.4,119.9,116.9,113.9,110.6,107.2,..
Nigeria,NGA,"Prevalence of underweight, weight for age (% of children under 5)",SH.STA.MALN.ZS,..,..,..,..,..,..,..,..,..,..,..,..,..,..,..,..,..,..,..,..,..,..,..,..,..,..,..,..,..,..,33.1,..,..,35.1,..,..,..,..,..,..,..,..,..,26.7,..,..,..,..,..,..,..,24.2,..,..,20.6,19.5,31.5,..,21.8,..,18.4,..,..,..
Nigeria,NGA,"Immunization, measles (% of children ages 12-23 months)",SH.IMM.MEAS,..,..,..,..,..,..,..,..,..,..,..,..,..,..,..,..,..,..,..,..,..,..,..,..,9,17,28,36,46,59,54,57,43,40,41,44,38,38,38,35,33,32,30,34,37,41,44,41,53,64,56,49,42,43,44,42,48,54,56,58,60,60,60,60
Nigeria,NGA,"Primary completion rate, total (% of relevant age group)",SE.PRM.CMPT.ZS,..,..,..,..,..,..,..,..,..,..,..,..,..,..,..,..,..,..,..,..,..,..,..,..,..,..,..,..,..,..,..,..,..,..,..,..,..,..,..,..,83.9067611694336,..,..,..,79.4437484741211,81.8972702026367,89.1874008178711,79.0244064331055,68.2841110229492,72.6352996826172,72.9908294677734,..,..,..,..,..,..,..,..,..,..,..,..,..
Nigeria,NGA,"School enrollment, primary (% gross)",SE.PRM.ENRR,..,..,..,..,..,..,..,..,..,..,41.9375190734863,45.221851348877,49.6452789306641,51.3334693908691,..,..,49.7247085571289,60.8963394165039,77.4512634277344,91.1608505249023,96.1790466308594,103.767646789551,113.145721435547,113.028762817383,111.932113647461,105.598083496094,92.1432266235352,88.3635711669922,84.2271575927734,82.075813293457,85.5113983154297,84.6890716552734,89.2756423950195,94.0711898803711,94.4626235961914,90.4266662597656,79.5559692382812,..,..,95.1762084960938,99.2021102905273,95.9370880126953,97.0674209594727,98.1725769042969,99.183952331543,99.7802734375,100.187828063965,91.4314422607422,82.380500793457,83.4956970214844,83.0165863037109,88.0855102539062,89.3999862670898,91.3719711303711,87.4456405639648,83.7498270610008,81.9161682128906,76.4630992205934,84.6760635375977,83.2573913283786,87.3721008300781,86.7234268188477,..,..
Nigeria,NGA,"School enrollment, secondary (% gross)",SE.SEC.ENRR,..,..,..,..,..,..,..,..,..,..,4.48457002639771,4.85515022277832,5.4025502204895,6.03338003158569,..,..,..,7.79495000839233,9.19285011291504,11.1707096099853,13.9374599456787,17.4092597961426,21.3087997436523,25.4296607971191,29.2429695129394,29.6929607391357,27.5682201385498,27.420539855957,..,24.213399887085,24.6007099151611,..,..,..,..,..,..,..,..,23.5453395843506,24.7493305206299,27.319450378418,29.9248199462891,..,35.275520324707,35.1121101379395,34.4249801635742,31.5662994384766,34.8519096374512,38.4990310668945,43.3236885070801,44.6314888000488,46.1335983276367,54.8829689025879,44.5147514343262,45.6085815429688,40.9102096557617,..,42.1684494018555,..,45.889949798584,47.2372283935547,..,..
Nigeria,NGA,"School enrollment, primary and secondary (gross), gender parity index (GPI)",SE.ENR.PRSC.FM.ZS,..,..,..,..,..,..,..,..,..,..,0.581910014152527,0.615459978580475,0.633099973201752,0.659990012645721,..,..,..,0.722029983997345,0.753329992294312,0.745639979839325,0.743489980697632,0.751739978790283,0.747340023517609,0.701300024986267,0.676490008831024,..,0.797990024089813,0.812940001487732,..,0.832419991493225,0.782169997692108,..,..,..,..,..,..,..,..,0.823350012302399,0.815140008926392,0.827269971370697,0.81156998872757,..,0.82804000377655,0.839640021324158,0.849070012569427,0.855579972267151,0.873030006885529,0.887960016727448,0.897220015525818,0.908169984817505,0.95440000295639,0.952579975128174,0.956820011138916,..,0.930320024490356,..,0.969380021095276,..,..,..,..,..
Nigeria,NGA,"Prevalence of HIV, total (% of population ages 15-49)",SH.DYN.AIDS.ZS,..,..,..,..,..,..,..,..,..,..,..,..,..,..,..,..,..,..,..,..,..,..,..,..,..,..,..,..,..,..,..,..,..,..,..,..,..,..,..,..,..,..,..,..,..,..,..,..,..,..,..,..,..,..,..,..,..,..,..,..,..,..,..,..
Nigeria,NGA,Forest area (sq. km),AG.LND.FRST.K2,..,..,..,..,..,..,..,..,..,..,..,..,..,..,..,..,..,..,..,..,..,..,..,..,..,..,..,..,..,..,265260.9,263627.85,261994.8,260361.75,258728.7,257095.65,255462.6,253829.55,252196.5,250563.45,248930.4,247297.34,245664.28,244031.22,242398.16,240765.1,239132.04,237498.98,235865.92,234232.86,232599.8,230966.74,229333.68,227700.62,226067.56,224434.5,222801.479,221168.5,219535.5,217902.5,216269.5,214636.5,213003.5,..
Nigeria,NGA,Terrestrial and marine protected areas (% of total territorial area),ER.PTD.TOTL.ZS,..,..,..,..,..,..,..,..,..,..,..,..,..,..,..,..,..,..,..,..,..,..,..,..,..,..,..,..,..,..,..,..,..,..,..,..,..,..,..,..,..,..,..,..,..,..,..,..,..,..,..,..,..,..,..,..,11.6107349579734,11.6106996068528,11.6106996068528,11.6106976263222,11.6106976263222,11.6082522536748,11.6082522536748,..
Nigeria,NGA,"Annual freshwater withdrawals, total (% of internal resources)",ER.H2O.FWTL.ZS,..,..,..,..,..,..,..,..,..,..,..,..,..,..,..,..,..,..,..,..,..,..,..,..,..,..,..,2.52941176470588,2.69345631742081,2.85770971108597,3.02050121823529,3.18465019144796,3.34879916461538,3.51294813782805,3.67709711104072,3.84124608425339,4.00539505742081,4.1698572920362,4.33369300384615,4.49794639751131,4.66199095022624,4.77674208144796,4.89149321266968,5.0062443438914,5.12099547511312,5.23574660633484,5.3172850678733,5.39882352941177,5.48036199095023,5.56190045248869,5.64343891402715,5.64343891402715,5.64343891402715,5.64343891402715,5.64343891402715,5.64343891402715,5.64343891402715,5.64343891402715,5.64343891402715,5.64343891402715,5.64343891402715,5.64343891402715,..,..
Nigeria,NGA,Urban population growth (annual %),SP.URB.GROW,..,3.49194571566456,3.52898988550658,3.55788646087355,3.56724846300203,3.58689529836805,3.59708113707946,3.54899828473144,3.56733645562225,3.6224243500197,3.6841247034233,4.51332896560172,4.56441768344381,4.64416947016753,4.76878310009636,4.89958315046527,4.99731616665552,5.09460693238717,5.16427478636857,5.16949557382922,5.19947321453368,6.21582203166179,6.11023981014692,5.67961914851239,5.62472238574181,5.85473650460655,5.71019341371018,5.6299921146604,5.60791125794537,5.58708535600037,5.56696586727896,4.29845010021756,4.27191716470723,4.28292971506614,4.26052788177816,4.24552934178618,4.21605425822626,4.18561155265309,4.18308764065275,4.19596081355865,4.22481588137071,5.06797646032014,5.06641615797551,5.05294779813963,5.03614512916044,4.99960132235437,4.96086393359505,4.94122190970728,4.92467766995046,4.88965162148145,4.86800307844021,4.82001918622785,4.73831597187338,4.62359558494712,4.4983366232135,4.34174834833144,4.22279093532117,4.13436400338952,3.96447397333471,3.79639032434636,3.68393418210316,3.60141045433703,3.55143301410608,3.51208939849018
Nigeria,NGA,Energy use (kg of oil equivalent per capita),EG.USE.PCAP.KG.OE,..,..,..,..,..,..,..,..,..,..,..,579.911408756535,586.061886754641,597.419426095998,600.372112816611,608.098366185642,621.988712527224,636.059088037869,645.585098645927,652.186846775897,662.359788343578,671.180297476329,683.786198497982,685.140976445786,669.316790982982,672.487045126507,660.588175152967,665.598636373926,667.275059174578,672.23604519888,683.904946333656,698.007229470807,706.799249448852,699.373896455558,664.439408813287,664.982109454671,675.348206689409,680.282484679515,667.277710657523,673.183528093095,680.817423970127,695.655273175467,698.523687992692,718.151641450875,718.295474004861,726.19208281376,712.265507780009,717.227079565283,718.23658075883,687.407222772425,719.403317342932,739.876306630151,757.965205855541,740.136753693299,724.640449251135,..,..,..,..,..,..,..,..,..
Nigeria,NGA,Electric power consumption (kWh per capita),EG.USE.ELEC.KH.PC,..,..,..,..,..,..,..,..,..,..,..,28.6115361573962,32.7635278046655,35.3183164800441,32.847407869344,45.7492937127523,51.5492282334265,59.1511006462596,60.6405639907099,59.7077617656669,67.742483827719,50.481080092138,80.9020807834006,80.6954302591826,61.2530943566779,79.1891698050317,89.355360168989,87.7648107554944,85.6008725920612,95.2808990285453,85.3678030764225,87.7555734416075,88.1093673639973,98.5616065071931,93.2221562920314,89.1179478024377,83.5745107464892,79.6883780153537,74.704045401369,73.4351629925788,72.0748555571312,72.969433577082,100.837637176442,97.9864498821174,118.604497917846,123.840437109921,106.850582664699,132.631064634214,121.329980655352,114.884674965664,129.762515034695,142.683261516345,148.813320043558,135.410524295289,137.145901533654,..,..,..,..,..,..,..,..,..
Nigeria,NGA,GDP (current US$),NY.GDP.MKTP.CD,4196174501.5302,4467287893.08484,4909399176.24033,5165590253.7639,5552931318.82747,5874537650.18494,6366917453.23302,5203237918.70483,5200997919.60083,6634317346.27306,12546094981.562,9181769911.50443,12274416017.7976,15162871287.1287,24846641318.1242,27778934624.6973,36308883248.731,36035407725.3219,36527862208.7133,47259911894.2731,64201788122.6054,164475209515.939,142769363314.176,97094911792.0489,73484359521.4887,73745821158.2254,54805852580.9129,52676041931.1087,49648470440.4593,44003061108.4005,54035795387.8086,59526833412.3581,52058181853.8055,56721051402.4732,80399613063.6364,140919776986.364,185730236700,200850397618.182,218416200672.727,59145077039.1437,69171451627.2465,73557840064.489,95054059302.6995,104738954264.226,135764731645.611,175670569969.346,238454997161.48,278260846800.103,339476276257.793,295008835380.997,366990417129.04,414466676831.16,463971018239.281,520117180313.906,574183763411.508,493026682800.63,404649125252.16,375745731053.427,421739251509.08,474517490844.461,432198898467.795,440833635873.827,477403400101.174,363846332834.618
Nigeria,NGA,GDP growth (annual %),NY.GDP.MKTP.KD.ZG,..,0.191795489572428,4.10299258867985,8.57861891529707,4.95048866604155,4.88497683412901,-4.25051418415495,-15.7436282082051,-1.24836024581202,24.1973839456806,25.0072419293896,14.237531556251,3.36426203503635,5.39276048395909,11.1606745454861,-5.22774755532083,9.04235172630212,6.02411784954167,-5.76415839390285,6.75943093519176,4.20483104427296,-13.1278804850513,-6.80338881534813,-10.9240850339387,-1.11562321716823,5.91302745911383,0.0609452742067873,3.20012546702939,7.3340254875872,1.91938129589542,11.7768859342069,0.358352601660144,4.63119294607692,-2.03511877399136,-1.81492448525673,-0.0726647639378797,4.19592404660108,2.93709941924899,2.58125410192935,0.584126892918917,5.01593475931159,5.91768464920368,15.3291557409559,7.34719496799485,9.25055822917993,6.43851652538319,6.05942803202912,6.59113036068734,6.7644727778017,8.03692510099067,8.00565591628646,5.30792420289512,4.23006117493168,6.67133539306172,6.30971865525467,2.65269329543003,-1.61686894906529,0.80588661910221,1.92275734200651,2.20842927714881,-1.79425308274458,3.64718654072446,3.25168140827093,2.86021499108364
Nigeria,NGA,"Inflation, GDP deflator (annual %)",NY.GDP.DEFL.KD.ZG,..,6.25716915400712,5.56530090015399,-3.09475245043559,2.42780898472419,0.864444953374829,13.1928714891662,-3.00670539435013,1.22054696940619,2.70630699368648,51.2784813315754,1.34803424937029,2.89286810574893,5.34683656411752,43.9463679229523,23.5007902619413,14.3531853680082,10.7137537864287,13.9147450209547,11.4887631446863,12.4196622417449,219.002843997422,14.802551915567,19.5689498879398,5.65366409471567,6.92776915568827,5.41545258428278,19.6694755984806,20.1771261186241,28.9696733926063,6.66894186986168,18.8639068014772,46.7523553581667,41.639058719839,43.2964642936651,75.4016531897357,26.4910898564523,5.05534593106086,6.00934430361066,13.4305716350796,22.6737374008784,10.0764772448642,21.1090500029288,9.80432377665896,22.3683414748423,19.8584947707524,23.8643811265432,7.09973099343016,7.9213872023645,0.686098874594009,16.342766325307,9.77845809675884,9.94763670635021,4.96474571561274,4.66262291733076,2.86366512298943,9.54367006412473,11.1189180817699,10.2284850865888,10.384779195217,7.84914204720589,10.1310336867347,11.3113349413983,12.6218692275514
Nigeria,NGA,"Agriculture, forestry, and fishing, value added (% of GDP)",NV.AGR.TOTL.ZS,..,..,..,..,..,..,..,..,..,..,..,..,..,..,..,..,..,..,..,..,..,12.240409246888,13.5026901414336,14.9907328930728,18.3083606550373,18.227639967623,18.0204251588741,20.5521063242771,23.3716488476568,21.2755973365002,21.5562632771079,20.8852831060192,20.3211588731035,23.4911304788674,25.1738487759527,25.4865064493222,26.1991591974906,27.4166511440248,27.9083713814094,26.0284857101616,21.3572412972176,24.4753546604632,36.9650826661797,33.8270605515687,27.2304536006497,26.0892828250796,24.7349912601339,24.6625772142283,25.2797507802655,26.7488545066519,23.8937040912791,22.2347109931956,21.8599586165277,20.7586228322439,19.9902547680805,20.6318934800012,20.9831097083173,20.8465714300542,21.203773720121,21.9062959303516,24.1433058670212,23.357058761851,23.6918718404603,22.7249380389601
Nigeria,NGA,"Industry (including construction), value added (% of GDP)",NV.IND.TOTL.ZS,..,..,..,..,..,..,..,..,..,..,..,..,..,..,..,..,..,..,..,..,..,39.245090195334,34.8092085036491,34.118441173343,30.3459204222366,33.466601002189,32.8307835240761,32.8869010232968,32.6148659706,35.3918071721663,35.4103267697692,36.9655659789111,37.7096082330884,33.1743424877663,31.3183895527606,36.5404898229186,37.4454787243492,35.2488501000654,28.7024397281229,29.3636932703443,33.823003290999,28.2762662656489,23.0408371863292,26.0024149026732,28.390040064544,28.2015834476344,25.7516355955536,24.344717837607,24.7142488981493,21.236761481448,25.3174522378126,28.2777998870502,27.0730175029593,25.7423212364316,24.6436085906069,20.160782897492,18.17313172689,22.3151171946859,25.7333065832929,27.3825370472331,28.2205055168218,31.4075340394769,30.7755687190103,32.5844117031957
Nigeria,NGA,Exports of goods and services (% of GDP),NE.EXP.GNFS.ZS,9.24153046405216,..,..,..,..,..,..,..,..,..,..,..,..,..,..,..,..,..,..,..,..,..,..,..,..,..,..,..,..,..,..,..,..,..,..,..,..,..,..,..,..,..,..,..,..,..,..,..,..,..,..,..,..,..,..,..,..,..,..,..,..,..,..,..
Nigeria,NGA,Imports of goods and services (% of GDP),NE.IMP.GNFS.ZS,16.9249824014777,..,..,..,..,..,..,..,..,..,..,..,..,..,..,..,..,..,..,..,..,..,..,..,..,..,..,..,..,..,..,..,..,..,..,..,..,..,..,..,..,..,..,..,..,..,..,..,..,..,..,..,..,..,..,..,..,..,..,..,..,..,..,..
Nigeria,NGA,Gross capital formation (% of GDP),NE.GDI.TOTL.ZS,..,..,..,..,..,..,..,..,..,..,..,..,..,..,..,..,..,..,..,..,..,..,..,..,..,..,..,..,..,..,..,..,..,..,..,..,..,..,..,..,..,..,..,..,..,..,..,..,..,..,..,..,..,..,..,..,..,..,..,..,..,..,..,..
Nigeria,NGA,"Revenue, excluding grants (% of GDP)",GC.REV.XGRT.GD.ZS,..,..,..,..,..,..,..,..,..,..,..,..,..,..,..,..,..,..,..,..,..,..,..,..,..,..,..,..,..,..,..,..,..,..,..,..,..,..,..,..,..,..,..,..,..,..,..,..,..,..,..,..,..,..,..,..,..,..,..,..,..,..,..,..
Nigeria,NGA,Time required to start a business (days),IC.REG.DURS,..,..,..,..,..,..,..,..,..,..,..,..,..,..,..,..,..,..,..,..,..,..,..,..,..,..,..,..,..,..,..,..,..,..,..,..,..,..,..,..,..,..,..,..,..,..,..,..,..,..,..,..,..,30.3,30.3,30.3,24.9,18.9,10.9,7.2,..,..,..,..
Nigeria,NGA,Domestic credit provided by financial sector (% of GDP),FS.AST.DOMS.GD.ZS,..,..,..,..,..,..,..,..,..,..,..,..,..,..,..,..,..,..,..,..,..,..,..,..,..,..,..,..,..,..,..,..,..,..,..,..,..,..,..,..,..,..,..,..,..,..,..,..,..,..,..,..,..,..,..,..,..,..,..,..,..,..,..,..
Nigeria,NGA,Tax revenue (% of GDP),GC.TAX.TOTL.GD.ZS,..,..,..,..,..,..,..,..,..,..,..,..,..,..,..,..,..,..,..,..,..,..,..,..,..,..,..,..,..,..,..,..,..,..,..,..,..,..,..,..,..,..,..,..,..,..,..,..,..,..,..,..,..,..,..,..,..,..,..,..,..,..,..,..
Nigeria,NGA,Military expenditure (% of GDP),MS.MIL.XPND.GD.ZS,0.695833333333333,0.849453322119428,1.09697933227345,1.10319076714189,1.23370429252782,1.40145203522971,1.10115095174856,5.80820060996272,9.1591382904795,10.316957879632,5.27925012553702,4.39211982188639,5.39026887908144,5.47846811844983,4.34401142623954,8.12406844073322,5.79139783442963,6.02411790978115,5.32604776301556,4.32233407904549,3.29560373980505,2.77007205001291,2.26720169230048,2.21984130271864,1.55679483416495,1.43678626386977,1.31155364657903,0.769793676287504,0.88435129597009,0.579894648474617,0.833115305550364,0.773691292368809,0.564010709444363,0.933218301724012,0.781452287737133,0.483558767048935,0.406177811568832,0.435835755422039,0.548312392864221,0.855415630326234,0.543531645186578,0.780315876986167,0.95433804485135,0.570707544874932,0.490996769130759,0.397422937174069,0.348375434095589,0.370354831159892,0.489084134608938,0.505855627592204,0.539231118131693,0.579227031040921,0.504264930204985,0.469695304520636,0.414718776586509,0.417636537730714,0.432947784673169,0.430671218863917,0.506944517393582,0.459170524387093,0.632022913474166,1.01270192678284,0.650166691789414,0.807331105535844
Nigeria,NGA,Mobile cellular subscriptions (per 100 people),IT.CEL.SETS.P2,0,..,..,..,..,0,..,..,..,..,0,..,..,..,..,0,0,0,0,0,0,0,0,0,0,0,0,0,0,0,0,0,0,0.008804631,0.01213775,0.012016163,0.012617593,0.013182041,0.017139352,0.020886321,0.02441963,0.211221041,1.210845315,2.365893711,6.68866615,13.23005515,22.39468915,27.24021429,41.33577643,47.58638737,54.23811186,57.51550468,66.31025547,72.82602613,77.46743354,81.97475275,81.80668821,74.89572893,87.06722748,90.79595497,98.03255552,91.43723303,101.6857635,..
Nigeria,NGA,High-technology exports (% of manufactured exports),TX.VAL.TECH.MF.ZS,..,..,..,..,..,..,..,..,..,..,..,..,..,..,..,..,..,..,..,..,..,..,..,..,..,..,..,..,..,..,..,..,..,..,..,..,..,..,..,..,..,..,..,..,..,..,..,..,..,2.64014909665659,1.09005158126034,1.2662602205414,1.89161536639165,2.99169141904529,2.10796896763846,11.9058756250214,2.35102616010413,2.3303518190456,1.9287782652252,1.48240117353044,6.94412309573588,6.4879650491258,2.38488302901383,3.53042370294988
Nigeria,NGA,Merchandise trade (% of GDP),TG.VAL.TOTL.GD.ZS,25.4040912648239,24.8249055476519,21.1227476677532,21.2754002158653,23.6271605872668,25.8573540668716,23.7791680372928,25.0420991766668,21.7458268102288,23.921074575842,18.3244268705016,36.2566262505542,30.0217948834132,35.1120833197297,48.2036982248521,49.9479198445004,51.7201255443634,63.6429596546077,62.3058635897151,58.2988814317673,66.3969045824609,23.5427576678342,19.7843566324816,23.287523087128,28.8768931758801,29.0524936376145,16.7664575355958,21.4082144113037,23.3481513069001,32.2409387952594,35.5745665665487,35.6981864847331,38.7278219908217,30.7046494544363,19.9354193251077,14.5926997897463,12.1633399070556,12.3016933463931,8.72920595691906,37.947367935874,42.9310059300575,40.282585750237,26.8499843007496,33.3056600049661,38.8871243363936,40.5423629082709,35.7505613280438,36.4535654823438,40.1279881768683,30.7272152994775,34.9423292856474,41.4991143112012,35.7134375825485,28.177304182021,28.1094677845022,19.2516963708397,17.0107868037786,20.1575144413897,24.5540341880582,24.8226887886434,16.5141559252073,22.4009676131574,25.8536072373684,28.7511486470166
Nigeria,NGA,Net barter terms of trade index (2015 = 100),TT.PRI.MRCH.XD.WD,..,..,..,..,..,..,..,..,..,..,..,..,..,..,..,..,..,..,..,..,131.6742427183,139.4838874588,118.8783131487,112.7294349125,112.2739624101,104.2338833133,51.0498461981,52.7443353005,44.2697885001,55.0048068073,64.2975295424,54.0429187926,47.2506393856,43.157143394,40.77175707,40.3599211429,63.1344480651,47.2896434467,31.8761009815,43.2951881346,72.6478580515,65.6892296082,66.9046620837,74.1342433252,86.5812740011,113.5374068816,126.650654885,127.1109748157,155.3734507277,109.6184119313,131.7652244257,155.6732170758,158.0688120148,157.8695889946,149.8643533361,100,86.9949099097,102.8829166255,121.9568692936,110.5361032339,81.4010025368,127.3812584836,..,..
Nigeria,NGA,"External debt stocks, total (DOD, current US$)",DT.DOD.DECT.CD,..,..,..,..,..,..,..,..,..,..,836680592.1,960364871.1,1081759364.5,1778977495.8,1880722152.3,1687175642.1,1337791872.3,3146444249.6,5091168447.7,6244582441.2,8938210283.3,11445499562.3,11992466650.3,17576996152.9,17783310906.8,18655375059.1,22215781653.5,29024891233.2,29624118543.4,30121991493,33458483418.1,33526931287.4,29018663727.6,30699263745.6,33092276818.4,34094439060.4,31414754638.8,28467535604,30313714707.5,29095550936.6,33514256077.2,34976644763.9,36779630348.3,41856858871.2,45910626685.7,33654648314.5,17491682578.5,19484330676.5,20418957892.7,22748897639.8,29148883008.7,34129232146,39282745538.8,42604005424.4,46672476310.2,45024833871.7,43735939488.9,65142821169.8,69455080784.6,81374890974.7,87646822939.4,96310283293.5,103099972957.6,102481701291.8
Nigeria,NGA,"Total debt service (% of exports of goods, services and primary income)",DT.TDS.DECT.EX.ZS,..,..,..,..,..,..,..,..,..,..,..,..,..,..,..,..,..,1.03961697719803,1.28249010694476,2.17391113275427,4.14562449629904,9.19601232547233,16.225932365643,23.6105078830245,32.9442526396612,32.7803427632578,38.0388322988143,14.1306333014557,30.3650082098161,24.6928507768567,22.5963462803015,22.0563705968506,18.5741360240159,13.3957728764043,18.9468067477952,14.7307144082223,13.1369897720651,8.71202887176952,13.074318095709,7.60561497077477,9.02570809962043,13.1390165448149,8.4016814555636,6.18901001493234,4.8414951469094,16.3965070326736,11.5792440007818,2.37255922359204,0.889151873672199,1.09157334009139,0.716261663712591,0.676956098425552,0.852085183786854,1.04636319695474,2.74426131040126,4.78478331470269,12.8052870950151,7.4017208088628,8.45932006546936,9.24012037613664,13.2713338526451,15.2747171643932,11.2775817239966,14.6747814734337
Nigeria,NGA,Net migration,SM.POP.NETM,12131,25515,27906,27115,26411,32988,12513,18683,9615,6912,7953,-35639,-12962,-618,44281,75603,72889,129075,111258,137721,198672,106723,101116,-507539,113758,61514,29682,64418,93510,99588,135959,42760,138412,90200,128134,73243,84448,96885,145575,97195,74535,64163,69594,33857,46370,-17146,-12093,-9162,-13646,-18422,47966,67808,71138,40201,-19376,-116162,75265,78685,-76565,-99722,-14497,-86115,-51680,-57936
Nigeria,NGA,"Personal remittances, received (current US$)",BX.TRF.PWKR.CD.DT,..,..,..,..,..,..,..,..,..,..,..,..,..,..,..,..,..,20164384.3377957,3148257.78257618,8278044.63171683,21946633.7931972,16188874.3006091,17818396.8187928,13804340.159239,11741262.5085007,10069658.7290095,3989688.35617588,2739018.35487486,2424527.40083315,10183665.8073916,10008540.0229552,65544714.3325038,56448404.4079421,793154025.528129,549872704.128023,250043007.16431,296587337.297782,585738409.765356,448546824.808174,1301055577.27525,1391826072.13562,1166614597.96595,1208958587.64914,1062820789.1282,2272734507.11605,14640084309.7026,16932144078.5376,18014430786.8869,19199974036.2717,18370796914.562,19744755062.5938,20616772500.8206,20542884459.8857,20797073957.3776,20999084800,20626046924.0079,19697938003.8912,22037016831.8378,24311022415.6069,23809281401.0144,17207547305.9955,19483402058.9106,20127614150.5134,19549549365.0159
Nigeria,NGA,"Foreign direct investment, net inflows (BoP, current US$)",BX.KLT.DINV.CD.WD,..,..,..,..,..,..,..,..,..,..,205000000,286000000,305000000,373000000,257000000,470120000,339000000,440514242.45646,210933271.432604,309598869.22621,-738870004.370972,542327289.070406,430611256.454158,364434580.203909,189164784.859178,485581320.932238,193214907.534804,610552091.468468,378667097.69376,1884249738.78897,587882970.628472,712373362.47117,896641282.4724,1345368587.00053,1959219858.15603,335842164.964005,499276809.471007,469577019.807245,299566658.25891,1004915630.70932,1140167556.01589,1190618643.59162,1874070753.14014,2005353563.06397,1874060886.97608,4982533930.21739,4854353979.09081,6036021404.8207,8194071895.46245,8555990006.71682,6026253091.34715,8841062050.7726,7069908427.93651,5562857987.46966,4693828631.89583,3064168904.45333,3453258407.9848,2412974916.23264,775247400.003029,2305099811.70358,2385277665.91608,3313210000,-186792428.930928,1872520530.04695
Nigeria,NGA,Net official development assistance and official aid received (current US$),DT.ODA.ALLD.CD,32639999.3896484,30389999.3896484,30979999.5422363,20719999.3133545,44970001.2207031,75309997.5585938,68360000.6103516,72800003.0517578,68800003.0517578,85110000.6103516,107540000.915527,107110000.610352,83000000,76379997.253418,72610000.6103516,81379997.253418,51819999.6948242,42009998.3215332,40150001.5258789,25739999.7711182,34400001.5258789,39250000,34950000.7629395,46750000,32389999.3896484,31709999.0844727,58119998.9318848,67620002.746582,118080001.831055,344000000,255080001.831055,258320007.324219,258820007.324219,288420013.427734,189660003.662109,210960006.713867,188750000,199839996.337891,203339996.337891,151990005.493164,173800003.051758,167820007.324219,299549987.792969,309850006.103516,578770019.53125,6401790039.0625,11431959960.9375,1643209960.9375,960679992.675781,1163290039.0625,2052360107.42188,1809859985.35156,1916109985.35156,2515659912.10938,2478600097.65625,2431540039.0625,2498189941.40625,3356350097.65625,3303270019.53125,3275409912.10938,3375860107.42188,3527699951.17188,4443259765.625,..
,,,,,,,,,,,,,,,,,,,,,,,,,,,,,,,,,,,,,,,,,,,,,,,,,,,,,,,,,,,,,,,,,,,
,,,,,,,,,,,,,,,,,,,,,,,,,,,,,,,,,,,,,,,,,,,,,,,,,,,,,,,,,,,,,,,,,,,
,,,,,,,,,,,,,,,,,,,,,,,,,,,,,,,,,,,,,,,,,,,,,,,,,,,,,,,,,,,,,,,,,,,
Data from database: World Development Indicators,,,,,,,,,,,,,,,,,,,,,,,,,,,,,,,,,,,,,,,,,,,,,,,,,,,,,,,,,,,,,,,,,,,
Last Updated: 01/28/2025,,,,,,,,,,,,,,,,,,,,,,,,,,,,,,,,,,,,,,,,,,,,,,,,,,,,,,,,,,,,,,,,,,,
